"KeyYear-Gender","NOME","TOTAL"
"2017-M-0001","Santiago","1914"
"2017-M-0002","Francisco","1772"
"2017-M-0003","João","1708"
"2017-M-0004","Afonso","1479"
"2017-M-0005","Rodrigo","1420"
"2017-M-0006","Martim","1334"
"2017-M-0007","Tomás","1257"
"2017-M-0008","Duarte","1220"
"2017-M-0009","Miguel","1201"
"2017-M-0010","Gabriel","1182"
"2017-M-0011","Lourenço","1115"
"2017-M-0012","Gonçalo","1070"
"2017-M-0013","Dinis","1034"
"2017-M-0014","Guilherme","1008"
"2017-M-0015","Pedro","996"
"2017-M-0016","Salvador","907"
"2017-M-0017","Rafael","899"
"2017-M-0018","Lucas","893"
"2017-M-0019","Tiago","855"
"2017-M-0020","Gustavo","795"
"2017-M-0021","Diogo","767"
"2017-M-0022","Vicente","718"
"2017-M-0023","José","703"
"2017-M-0024","David","626"
"2017-M-0025","Mateus","618"
"2017-M-0026","Simão","596"
"2017-M-0027","António","532"
"2017-M-0028","Diego","532"
"2017-M-0029","Manuel","529"
"2017-M-0030","Henrique","509"
"2017-M-0031","Daniel","472"
"2017-M-0032","Vasco","456"
"2017-M-0033","Bernardo","446"
"2017-M-0034","Enzo","413"
"2017-M-0035","André","399"
"2017-M-0036","Leonardo","397"
"2017-M-0037","Luís","317"
"2017-M-0038","Isaac","316"
"2017-M-0039","Eduardo","288"
"2017-M-0040","Alexandre","260"
"2017-M-0041","Kevin","234"
"2017-M-0042","Matias","232"
"2017-M-0043","Leandro","209"
"2017-M-0044","Filipe","203"
"2017-M-0045","Xavier","184"
"2017-M-0046","Rúben","183"
"2017-M-0047","Samuel","173"
"2017-M-0048","Ricardo","168"
"2017-M-0049","Artur","165"
"2017-M-0050","Valentim","162"
"2017-M-0051","Frederico","153"
"2017-M-0052","Lorenzo","145"
"2017-M-0053","Bryan","139"
"2017-M-0054","Bruno","138"
"2017-M-0055","Nuno","132"
"2017-M-0056","Benjamim","130"
"2017-M-0057","Carlos","128"
"2017-M-0058","Sebastião","123"
"2017-M-0059","Rui","119"
"2017-M-0060","Davi","108"
"2017-M-0061","Hugo","106"
"2017-M-0062","Noah","98"
"2017-M-0063","Joaquim","85"
"2017-M-0064","Mário","80"
"2017-M-0065","Tomé","80"
"2017-M-0066","Fábio","70"
"2017-M-0067","Paulo","68"
"2017-M-0068","Manel","67"
"2017-M-0069","Renato","66"
"2017-M-0070","Jorge","65"
"2017-M-0071","Jaime","63"
"2017-M-0072","Marco","61"
"2017-M-0073","Ângelo","57"
"2017-M-0074","Micael","55"
"2017-M-0075","Liam","53"
"2017-M-0076","Ivan","52"
"2017-M-0077","Matheus","52"
"2017-M-0078","William","50"
"2017-M-0079","Gaspar","49"
"2017-M-0080","Cristiano","48"
"2017-M-0081","Luca","46"
"2017-M-0082","Jonathan","46"
"2017-M-0083","Sérgio","43"
"2017-M-0084","Gil","43"
"2017-M-0085","Ivo","41"
"2017-M-0086","Brian","39"
"2017-M-0087","Arthur","39"
"2017-M-0088","Christian","39"
"2017-M-0089","Vítor","38"
"2017-M-0090","Yuri","37"
"2017-M-0091","Fernando","36"
"2017-M-0092","Dilan","36"
"2017-M-0093","Romeu","36"
"2017-M-0094","Caio","35"
"2017-M-0095","Isac","34"
"2017-M-0096","Emanuel","34"
"2017-M-0097","Sandro","34"
"2017-M-0098","Igor","33"
"2017-M-0099","Moisés","33"
"2017-M-0100","Mauro","31"
"2017-M-0101","César","31"
"2017-M-0102","Josué","31"
"2017-M-0103","Edgar","31"
"2017-M-0104","Elias","31"
"2017-M-0105","Victor","30"
"2017-M-0106","Joel","30"
"2017-M-0107","Alex","28"
"2017-M-0108","Telmo","28"
"2017-M-0109","Denis","27"
"2017-M-0110","Marcelo","27"
"2017-M-0111","Adrien","27"
"2017-M-0112","Álvaro","27"
"2017-M-0113","Dylan","27"
"2017-M-0114","Raúl","27"
"2017-M-0115","Muhammad","26"
"2017-M-0116","Nelson","26"
"2017-M-0117","Dário","26"
"2017-M-0118","Oliver","26"
"2017-M-0119","Thiago","26"
"2017-M-0120","Ismael","25"
"2017-M-0121","Márcio","24"
"2017-M-0122","Ian","24"
"2017-M-0123","Lisandro","24"
"2017-M-0124","Erik","23"
"2017-M-0125","Cláudio","23"
"2017-M-0126","Heitor","23"
"2017-M-0127","Martinho","23"
"2017-M-0128","Leo","22"
"2017-M-0129","Jonas","22"
"2017-M-0130","Wilson","22"
"2017-M-0131","Júlio","21"
"2017-M-0132","Caetano","21"
"2017-M-0133","Benjamin","21"
"2017-M-0134","Adriano","21"
"2017-M-0135","Raphael","21"
"2017-M-0136","Augusto","21"
"2017-M-0137","Martin","20"
"2017-M-0138","Marcos","20"
"2017-M-0139","Eric","20"
"2017-M-0140","Flávio","20"
"2017-M-0141","Mikael","18"
"2017-M-0142","Erick","18"
"2017-M-0143","Jason","18"
"2017-M-0144","James","18"
"2017-M-0145","Danilo","17"
"2017-M-0146","Adam","17"
"2017-M-0147","Levi","16"
"2017-M-0148","Mateo","16"
"2017-M-0149","Kelvin","16"
"2017-M-0150","Nicolas","16"
"2017-M-0151","Sebastian","16"
"2017-M-0152","Cauã","16"
"2017-M-0153","Thomas","15"
"2017-M-0154","Isaque","15"
"2017-M-0155","Misael","15"
"2017-M-0156","Alberto","15"
"2017-M-0157","Israel","15"
"2017-M-0158","Edson","15"
"2017-M-0159","Luan","15"
"2017-M-0160","Lukas","15"
"2017-M-0161","Mark","15"
"2017-M-0162","Ruben","14"
"2017-M-0163","Adriel","14"
"2017-M-0164","Jesus","14"
"2017-M-0165","Domingos","14"
"2017-M-0166","Denzel","13"
"2017-M-0167","Apolo","13"
"2017-M-0168","Ary","13"
"2017-M-0169","Alan","13"
"2017-M-0170","Nicolau","13"
"2017-M-0171","Alfredo","13"
"2017-M-0172","Kévim","12"
"2017-M-0173","Axel","12"
"2017-M-0174","Patrick","12"
"2017-M-0175","Giovani","12"
"2017-M-0176","Gerson","12"
"2017-M-0177","Aron","12"
"2017-M-0178","Luis","12"
"2017-M-0179","Leonel","12"
"2017-M-0180","Wesley","11"
"2017-M-0181","Ari","11"
"2017-M-0182","Roberto","11"
"2017-M-0183","Hélder","11"
"2017-M-0184","Vitor","11"
"2017-M-0185","Fausto","11"
"2017-M-0186","Joshua","11"
"2017-M-0187","Gael","11"
"2017-M-0188","Adonai","11"
"2017-M-0189","Henry","11"
"2017-M-0190","Cristóvão","10"
"2017-M-0191","Nathan","10"
"2017-M-0192","Rogério","10"
"2017-M-0193","Caleb","10"
"2017-M-0194","Fabrício","10"
"2017-M-0195","Valentino","10"
"2017-M-0196","Noé","10"
"2017-M-0197","Luka","10"
"2017-M-0198","Armando","10"
"2017-M-0199","Stefan","10"
"2017-M-0200","Bartolomeu","10"
"2017-M-0201","Anthony","10"
"2017-M-0202","Adrian","10"
"2017-M-0203","Samir","10"
"2017-M-0204","Ravi","9"
"2017-M-0205","Derick","9"
"2017-M-0206","Ryan","9"
"2017-M-0207","Luciano","9"
"2017-M-0208","Estêvão","9"
"2017-M-0209","Theo","9"
"2017-M-0210","Cristian","9"
"2017-M-0211","Anderson","9"
"2017-M-0212","Davide","9"
"2017-M-0213","Abel","9"
"2017-M-0214","Ezequiel","9"
"2017-M-0215","Nataniel","9"
"2017-M-0216","Lucca","9"
"2017-M-0217","Dominic","9"
"2017-M-0218","Théo","9"
"2017-M-0219","Alexander","8"
"2017-M-0220","Isaías","8"
"2017-M-0221","Lopo","8"
"2017-M-0222","Marcus","8"
"2017-M-0223","Maxim","8"
"2017-M-0224","Iúri","8"
"2017-M-0225","Diniz","8"
"2017-M-0226","Amadeu","8"
"2017-M-0227","Oscar","8"
"2017-M-0228","Haniel","8"
"2017-M-0229","Lázaro","8"
"2017-M-0230","Ulisses","8"
"2017-M-0231","Léo","8"
"2017-M-0232","Alexandru","8"
"2017-M-0233","Raul","8"
"2017-M-0234","Jessé","7"
"2017-M-0235","Max","7"
"2017-M-0236","Steven","7"
"2017-M-0237","Ernesto","7"
"2017-M-0238","Leon","7"
"2017-M-0239","Maurício","7"
"2017-M-0240","Mohammad","7"
"2017-M-0241","Felipe","7"
"2017-M-0242","Kendrick","7"
"2017-M-0243","Filip","7"
"2017-M-0244","Juliano","7"
"2017-M-0245","Angélico","7"
"2017-M-0246","Rubén","7"
"2017-M-0247","Édi","7"
"2017-M-0248","Enrique","7"
"2017-M-0249","Lourenzo","6"
"2017-M-0250","Damien","6"
"2017-M-0251","Osvaldo","6"
"2017-M-0252","Aléxis","6"
"2017-M-0253","Zion","6"
"2017-M-0254","Matteo","6"
"2017-M-0255","Omar","6"
"2017-M-0256","Eduard","6"
"2017-M-0257","Zayn","6"
"2017-M-0258","Jayden","6"
"2017-M-0259","Kenny","6"
"2017-M-0260","Rubim","6"
"2017-M-0261","Olavo","6"
"2017-M-0262","Jonatã","6"
"2017-M-0263","Tierri","6"
"2017-M-0264","Bogdan","6"
"2017-M-0265","Kenzo","6"
"2017-M-0266","Aaron","6"
"2017-M-0267","Saulo","6"
"2017-M-0268","Pietro","6"
"2017-M-0269","Kai","6"
"2017-M-0270","Breno","6"
"2017-M-0271","Jair","6"
"2017-M-0272","Helder","6"
"2017-M-0273","Uriel","6"
"2017-M-0274","Luiz","6"
"2017-M-0275","Rayan","5"
"2017-M-0276","Mohammed","5"
"2017-M-0277","Dante","5"
"2017-M-0278","Aiden","5"
"2017-M-0279","Jackson","5"
"2017-M-0280","Fred","5"
"2017-M-0281","Amir","5"
"2017-M-0282","Stephan","5"
"2017-M-0283","Mamadou","5"
"2017-M-0284","Valdemar","5"
"2017-M-0285","Jóni","5"
"2017-M-0286","Evan","5"
"2017-M-0287","Hazael","5"
"2017-M-0288","Fabiano","5"
"2017-M-0289","Ibrahim","5"
"2017-M-0290","Juan","5"
"2017-M-0291","Robert","5"
"2017-M-0292","Michael","5"
"2017-M-0293","Natanael","5"
"2017-M-0294","Aayan","5"
"2017-M-0295","Hélio","5"
"2017-M-0296","Adilson","5"
"2017-M-0297","Éder","5"
"2017-M-0298","Silvestre","5"
"2017-M-0299","Jordan","5"
"2017-M-0300","Tito","5"
"2017-M-0301","Taylor","5"
"2017-M-0302","Logan","5"
"2017-M-0303","Leonard","5"
"2017-M-0304","Júnior","5"
"2017-M-0305","Bento","5"
"2017-M-0306","Kévin","5"
"2017-M-0307","Gui","5"
"2017-M-0308","Aryan","5"
"2017-M-0309","Pablo","5"
"2017-M-0310","Jónatas","5"
"2017-M-0311","Elvis","5"
"2017-M-0312","Joabe","5"
"2017-M-0313","Alonso","4"
"2017-M-0314","Jefferson","4"
"2017-M-0315","Deivid","4"
"2017-M-0316","Darius","4"
"2017-M-0317","Serigne","4"
"2017-M-0318","Eli","4"
"2017-M-0319","Giovanni","4"
"2017-M-0320","Romão","4"
"2017-M-0321","Félix","4"
"2017-M-0322","Daniil","4"
"2017-M-0323","Kaique","4"
"2017-M-0324","Kauã","4"
"2017-M-0325","George","4"
"2017-M-0326","Mathias","4"
"2017-M-0327","Vladislav","4"
"2017-M-0328","Adrián","4"
"2017-M-0329","Rúdi","4"
"2017-M-0330","Kylian","4"
"2017-M-0331","Gilson","4"
"2017-M-0332","Damian","4"
"2017-M-0333","Gastão","4"
"2017-M-0334","Ianis","4"
"2017-M-0335","Azael","4"
"2017-M-0336","Cael","4"
"2017-M-0337","Mickael","4"
"2017-M-0338","Jack","4"
"2017-M-0339","Sam","4"
"2017-M-0340","Angelo","4"
"2017-M-0341","Fabio","4"
"2017-M-0342","Alejandro","4"
"2017-M-0343","Isael","4"
"2017-M-0344","Francesco","4"
"2017-M-0345","Valentin","4"
"2017-M-0346","Aarav","4"
"2017-M-0347","Kirill","4"
"2017-M-0348","Andrei","4"
"2017-M-0349","Mohamed","4"
"2017-M-0350","Dénis","4"
"2017-M-0351","Abner","4"
"2017-M-0352","Roman","4"
"2017-M-0353","Adolfo","4"
"2017-M-0354","Gilberto","4"
"2017-M-0355","Óscar","4"
"2017-M-0356","Daví","4"
"2017-M-0357","Artem","4"
"2017-M-0358","Kelson","4"
"2017-M-0359","Ayan","4"
"2017-M-0360","Antonio","4"
"2017-M-0361","Timur","4"
"2017-M-0362","Lyan","4"
"2017-M-0363","Ruan","4"
"2017-M-0364","Louis","4"
"2017-M-0365","Salomão","4"
"2017-M-0366","Simon","4"
"2017-M-0367","Willian","4"
"2017-M-0368","Dávi","4"
"2017-M-0369","Matthew","4"
"2017-M-0370","Romeo","4"
"2017-M-0371","Kauan","4"
"2017-M-0372","Iago","4"
"2017-M-0373","Tobias","4"
"2017-M-0374","Nilson","4"
"2017-M-0375","Kayden","4"
"2017-M-0376","Mílton","4"
"2017-M-0377","Ahmed","4"
"2017-M-0378","Ibrahima","4"
"2017-M-0379","Julian","4"
"2017-M-0380","Agostinho","4"
"2017-M-0381","Lenny","4"
"2017-M-0382","Abraim","4"
"2017-M-0383","Eliel","4"
"2017-M-0384","Hendrick","3"
"2017-M-0385","Aleks","3"
"2017-M-0386","Vinícius","3"
"2017-M-0387","Ethan","3"
"2017-M-0388","Allan","3"
"2017-M-0389","Abdullah","3"
"2017-M-0390","Jacob","3"
"2017-M-0391","Kevyn","3"
"2017-M-0392","Nikolas","3"
"2017-M-0393","Edmar","3"
"2017-M-0394","Nikita","3"
"2017-M-0395","Vlad","3"
"2017-M-0396","Murilo","3"
"2017-M-0397","Baltasar","3"
"2017-M-0398","Acácio","3"
"2017-M-0399","Elijah","3"
"2017-M-0400","Yaroslav","3"
"2017-M-0401","Dino","3"
"2017-M-0402","Jeremias","3"
"2017-M-0403","Válter","3"
"2017-M-0404","Anselmo","3"
"2017-M-0405","Licínio","3"
"2017-M-0406","Djeison","3"
"2017-M-0407","Baltazar","3"
"2017-M-0408","René","3"
"2017-M-0409","Edmilson","3"
"2017-M-0410","Aleksandr","3"
"2017-M-0411","Thierry","3"
"2017-M-0412","Élson","3"
"2017-M-0413","Eugénio","3"
"2017-M-0414","Oleksandr","3"
"2017-M-0415","Reyansh","3"
"2017-M-0416","Sami","3"
"2017-M-0417","Arham","3"
"2017-M-0418","Edward","3"
"2017-M-0419","Andrew","3"
"2017-M-0420","Yannick","3"
"2017-M-0421","Rodolfo","3"
"2017-M-0422","Ronaldo","3"
"2017-M-0423","Yi","3"
"2017-M-0424","Michel","3"
"2017-M-0425","Lúcio","3"
"2017-M-0426","Maksim","3"
"2017-M-0427","Elísio","3"
"2017-M-0428","Eliab","3"
"2017-M-0429","Eliezer","3"
"2017-M-0430","Gelson","3"
"2017-M-0431","Mihai","3"
"2017-M-0432","Humberto","3"
"2017-M-0433","Elói","3"
"2017-M-0434","Denilson","3"
"2017-M-0435","Viriato","3"
"2017-M-0436","Mason","3"
"2017-M-0437","Mateu","3"
"2017-M-0438","Harry","3"
"2017-M-0439","Sidney","3"
"2017-M-0440","Orlando","3"
"2017-M-0441","Andriy","3"
"2017-M-0442","Davy","3"
"2017-M-0443","Átila","3"
"2017-M-0444","Jairo","3"
"2017-M-0445","Sílvio","3"
"2017-M-0446","Ilídio","3"
"2017-M-0447","Amílcar","3"
"2017-M-0448","Emmanuel","3"
"2017-M-0449","Dani","3"
"2017-M-0450","Nilton","3"
"2017-M-0451","Matvey","3"
"2017-M-0452","Serafim","3"
"2017-M-0453","Mario","3"
"2017-M-0454","Evandro","3"
"2017-M-0455","Arlindo","3"
"2017-M-0456","Kian","3"
"2017-M-0457","Edilson","3"
"2017-M-0458","Mélvin","3"
"2017-M-0459","Ederson","3"
"2017-M-0460","Walter","3"
"2017-M-0461","Keven","3"
"2017-M-0462","Nicolás","3"
"2017-M-0463","Kleyton","3"
"2017-M-0464","Josias","3"
"2017-M-0465","Gonzalo","3"
"2017-M-0466","Adelino","3"
"2017-M-0467","Iker","3"
"2017-M-0468","Marius","3"
"2017-M-0469","Aahan","3"
"2017-M-0470","Demian","3"
"2017-M-0471","Jayson","3"
"2017-M-0472","Arnaldo","3"
"2017-M-0473","Ariel","3"
"2017-M-0474","Ildo","3"
"2017-M-0475","Owen","3"
"2017-M-0476","Anilson","3"
"2017-M-0477","Célio","3"
"2017-M-0478","Eliézer","3"
"2017-M-0479","Délcio","3"
"2017-M-0480","Jean","3"
"2017-M-0481","Musa","3"
"2017-M-0482","Riyansh","2"
"2017-M-0483","Marvin","2"
"2017-M-0484","Aleksander","2"
"2017-M-0485","Djeyson","2"
"2017-M-0486","Dumitru","2"
"2017-M-0487","Maël","2"
"2017-M-0488","Franklin","2"
"2017-M-0489","Theodoro","2"
"2017-M-0490","Áureo","2"
"2017-M-0491","Sandiego","2"
"2017-M-0492","Calebe","2"
"2017-M-0493","Ódin","2"
"2017-M-0494","Abraão","2"
"2017-M-0495","Décio","2"
"2017-M-0496","Fabrizio","2"
"2017-M-0497","Yannis","2"
"2017-M-0498","Leone","2"
"2017-M-0499","Saif","2"
"2017-M-0500","Saliou","2"
"2017-M-0501","Marko","2"
"2017-M-0502","Yuvraj","2"
"2017-M-0503","Kimi","2"
"2017-M-0504","Tian","2"
"2017-M-0505","Gonzaga","2"
"2017-M-0506","Óliver","2"
"2017-M-0507","Benício","2"
"2017-M-0508","Aramis","2"
"2017-M-0509","Fabian","2"
"2017-M-0510","Seco","2"
"2017-M-0511","Vital","2"
"2017-M-0512","Sahas","2"
"2017-M-0513","Matei","2"
"2017-M-0514","Oceano","2"
"2017-M-0515","Amine","2"
"2017-M-0516","Jawad","2"
"2017-M-0517","Youssef","2"
"2017-M-0518","Emir","2"
"2017-M-0519","Jay","2"
"2017-M-0520","Danylo","2"
"2017-M-0521","Jailson","2"
"2017-M-0522","Kiame","2"
"2017-M-0523","Yohan","2"
"2017-M-0524","Jasmim","2"
"2017-M-0525","Brayan","2"
"2017-M-0526","Élio","2"
"2017-M-0527","Jerry","2"
"2017-M-0528","Halley","2"
"2017-M-0529","Eden","2"
"2017-M-0530","Jacinto","2"
"2017-M-0531","Pak","2"
"2017-M-0532","Alessandro","2"
"2017-M-0533","Shayan","2"
"2017-M-0534","Euclides","2"
"2017-M-0535","Gianni","2"
"2017-M-0536","Martín","2"
"2017-M-0537","Aleksey","2"
"2017-M-0538","Dalton","2"
"2017-M-0539","Marlon","2"
"2017-M-0540","Hakeem","2"
"2017-M-0541","Conrado","2"
"2017-M-0542","Jad","2"
"2017-M-0543","Alexandro","2"
"2017-M-0544","Rihan","2"
"2017-M-0545","Hao","2"
"2017-M-0546","Adryan","2"
"2017-M-0547","Lauriano","2"
"2017-M-0548","Vincent","2"
"2017-M-0549","Willyan","2"
"2017-M-0550","Jerónimo","2"
"2017-M-0551","Enzi","2"
"2017-M-0552","Richard","2"
"2017-M-0553","Ayaan","2"
"2017-M-0554","Celso","2"
"2017-M-0555","Yeshua","2"
"2017-M-0556","Cédrick","2"
"2017-M-0557","Lewis","2"
"2017-M-0558","Aylan","2"
"2017-M-0559","Zyon","2"
"2017-M-0560","Fernão","2"
"2017-M-0561","Dimas","2"
"2017-M-0562","Jerson","2"
"2017-M-0563","Gurtej","2"
"2017-M-0564","Francis","2"
"2017-M-0565","Nélson","2"
"2017-M-0566","Dmytro","2"
"2017-M-0567","Albert","2"
"2017-M-0568","Calvin","2"
"2017-M-0569","Mauricio","2"
"2017-M-0570","Viaan","2"
"2017-M-0571","Timóteo","2"
"2017-M-0572","Dorian","2"
"2017-M-0573","Aarnav","2"
"2017-M-0574","Alexey","2"
"2017-M-0575","Gheorghe","2"
"2017-M-0576","Graciano","2"
"2017-M-0577","Anael","2"
"2017-M-0578","Keanu","2"
"2017-M-0579","Aurélio","2"
"2017-M-0580","Matheo","2"
"2017-M-0581","Emerson","2"
"2017-M-0582","Alcides","2"
"2017-M-0583","Kiese","2"
"2017-M-0584","Renan","2"
"2017-M-0585","Briyan","2"
"2017-M-0586","Vagner","2"
"2017-M-0587","Eros","2"
"2017-M-0588","Maksym","2"
"2017-M-0589","Bilal","2"
"2017-M-0590","Algassimou","2"
"2017-M-0591","Jimmy","2"
"2017-M-0592","Ishan","2"
"2017-M-0593","Ruby","2"
"2017-M-0594","Aleksandar","2"
"2017-M-0595","Amândio","2"
"2017-M-0596","Zorawar","2"
"2017-M-0597","Brayn","2"
"2017-M-0598","Ali","2"
"2017-M-0599","Luccas","2"
"2017-M-0600","Moussa","2"
"2017-M-0601","Mariano","2"
"2017-M-0602","Mankirat","2"
"2017-M-0603","Yanis","2"
"2017-M-0604","Sancho","2"
"2017-M-0605","Charlie","2"
"2017-M-0606","Silas","2"
"2017-M-0607","Philipp","2"
"2017-M-0608","Vando","2"
"2017-M-0609","Solano","2"
"2017-M-0610","Reinaldo","2"
"2017-M-0611","Toni","2"
"2017-M-0612","Bernardino","2"
"2017-M-0613","Messias","2"
"2017-M-0614","Sidnei","2"
"2017-M-0615","Kennedy","2"
"2017-M-0616","Abílio","2"
"2017-M-0617","Kiene","2"
"2017-M-0618","Nélio","2"
"2017-M-0619","Matviy","2"
"2017-M-0620","Fedor","2"
"2017-M-0621","Oumar","2"
"2017-M-0622","Braima","2"
"2017-M-0623","Rodney","2"
"2017-M-0624","Aquiles","2"
"2017-M-0625","Kaio","2"
"2017-M-0626","Ícaro","2"
"2017-M-0627","Matías","2"
"2017-M-0628","Valério","2"
"2017-M-0629","Emilio","2"
"2017-M-0630","Lyam","2"
"2017-M-0631","Aleksandre","2"
"2017-M-0632","Eder","2"
"2017-M-0633","Kelton","2"
"2017-M-0634","Zacarias","2"
"2017-M-0635","Dárcio","2"
"2017-M-0636","Maxwell","2"
"2017-M-0637","Christyan","2"
"2017-M-0638","Íven","2"
"2017-M-0639","Mattia","2"
"2017-M-0640","Jaden","2"
"2017-M-0641","Janai","2"
"2017-M-0642","Manassés","2"
"2017-M-0643","Thomás","2"
"2017-M-0644","Taha","2"
"2017-M-0645","Konstantin","2"
"2017-M-0646","Figo","2"
"2017-M-0647","Lincoln","2"
"2017-M-0648","Eleazar","2"
"2017-M-0649","Marcellus","2"
"2017-M-0650","Aires","2"
"2017-M-0651","Estevão","2"
"2017-M-0652","Hayden","2"
"2017-M-0653","Aidan","2"
"2017-M-0654","John","2"
"2017-M-0655","Hernâni","2"
"2017-M-0656","Aarush","2"
"2017-M-0657","Davidson","2"
"2017-M-0658","Derek","2"
"2017-M-0659","Narciso","2"
"2017-M-0660","Adílio","2"
"2017-M-0661","Levy","2"
"2017-M-0662","Prerak","2"
"2017-M-0663","Romário","2"
"2017-M-0664","Alfa","2"
"2017-M-0665","Nicollas","2"
"2017-M-0666","Etienne","2"
"2017-M-0667","Tyler","2"
"2017-M-0668","Mamadú","2"
"2017-M-0669","Manoel","2"
"2017-M-0670","Damião","2"
"2017-M-0671","Jelson","2"
"2017-M-0672","Weslley","2"
"2017-M-0673","Zyan","2"
"2017-M-0674","Bo","2"
"2017-M-0675","Érico","2"
"2017-M-0676","Unai","2"
"2017-M-0677","Aziz","2"
"2017-M-0678","Alvin","2"
"2017-M-0679","Asafe","2"
"2017-M-0680","Prince","2"
"2017-M-0681","Milton","2"
"2017-M-0682","Santhiago","2"
"2017-M-0683","Catalin","2"
"2017-M-0684","Abraham","2"
"2017-M-0685","Natan","2"
"2017-M-0686","Amilton","2"
"2017-M-0687","Felix","2"
"2017-M-0688","Eurico","2"
"2017-M-0689","Cesário","2"
"2017-M-0690","Nahyan","2"
"2017-M-0691","Allen","2"
"2017-M-0692","Carlo","2"
"2017-M-0693","Meet","2"
"2017-M-0694","Zeus","2"
"2017-M-0695","Bruce","2"
"2017-M-0696","Nikolay","2"
"2017-M-0697","Russel","2"
"2017-M-0698","Gurjas","2"
"2017-M-0699","Abubacar","2"
"2017-M-0700","Jonatas","2"
"2017-M-0701","Enrico","2"
"2017-M-0702","Suyog","2"
"2017-M-0703","Flavio","2"
"2017-M-0704","Luigi","2"
"2017-M-0705","Nikolai","2"
"2017-M-0706","Arsénio","2"
"2017-M-0707","Ioan","2"
"2017-M-0708","Magno","2"
"2017-M-0709","Wayne","2"
"2017-M-0710","Yu","2"
"2017-M-0711","Lucio","2"
"2017-M-0712","Dinarte","2"
"2017-M-0713","Aly","2"
"2017-M-0714","Yan","2"
"2017-M-0715","Henzo","2"
"2017-M-0716","Nirbesh","1"
"2017-M-0717","Priyan","1"
"2017-M-0718","Adab","1"
"2017-M-0719","Md","1"
"2017-M-0720","Ozan","1"
"2017-M-0721","Admar","1"
"2017-M-0722","Herisil","1"
"2017-M-0723","Raman","1"
"2017-M-0724","Edelmiro","1"
"2017-M-0725","Malcolm","1"
"2017-M-0726","Zafar","1"
"2017-M-0727","Johnatan","1"
"2017-M-0728","Mihail","1"
"2017-M-0729","Jia","1"
"2017-M-0730","Rullyan","1"
"2017-M-0731","Darsh","1"
"2017-M-0732","Ibra","1"
"2017-M-0733","Sehbaaz","1"
"2017-M-0734","Danielson","1"
"2017-M-0735","Priyank","1"
"2017-M-0736","Aimar","1"
"2017-M-0737","Tomaz","1"
"2017-M-0738","Zaaef","1"
"2017-M-0739","Khael","1"
"2017-M-0740","Jingyi","1"
"2017-M-0741","Dean","1"
"2017-M-0742","Philipe","1"
"2017-M-0743","Tyson","1"
"2017-M-0744","Ledilson","1"
"2017-M-0745","Raphaël","1"
"2017-M-0746","Bayaan","1"
"2017-M-0747","Vladmir","1"
"2017-M-0748","Giancarlo","1"
"2017-M-0749","Anhad","1"
"2017-M-0750","Livio","1"
"2017-M-0751","Lok","1"
"2017-M-0752","Imad","1"
"2017-M-0753","Hadley","1"
"2017-M-0754","Antoni","1"
"2017-M-0755","Jeryckson","1"
"2017-M-0756","Kenrick","1"
"2017-M-0757","Braiden","1"
"2017-M-0758","Damir","1"
"2017-M-0759","Eddie","1"
"2017-M-0760","Aariv","1"
"2017-M-0761","Arlo","1"
"2017-M-0762","Niandro","1"
"2017-M-0763","Mansan","1"
"2017-M-0764","Harjasbir","1"
"2017-M-0765","Krinch","1"
"2017-M-0766","Vanilson","1"
"2017-M-0767","Ohan","1"
"2017-M-0768","Djayden","1"
"2017-M-0769","Jaylson","1"
"2017-M-0770","Raví","1"
"2017-M-0771","Esaias","1"
"2017-M-0772","Nafsat","1"
"2017-M-0773","Oleg","1"
"2017-M-0774","Alfrendinho","1"
"2017-M-0775","Yaiden","1"
"2017-M-0776","Rangel","1"
"2017-M-0777","Xoán","1"
"2017-M-0778","Reyjianne","1"
"2017-M-0779","Rishab","1"
"2017-M-0780","Isadai","1"
"2017-M-0781","Kéren","1"
"2017-M-0782","Awanish","1"
"2017-M-0783","Bassa","1"
"2017-M-0784","Rudi","1"
"2017-M-0785","Nur","1"
"2017-M-0786","Amado","1"
"2017-M-0787","Matisse","1"
"2017-M-0788","Sulaiman","1"
"2017-M-0789","Ludgero","1"
"2017-M-0790","Clarson","1"
"2017-M-0791","Levick","1"
"2017-M-0792","Ross","1"
"2017-M-0793","Bensson","1"
"2017-M-0794","Oussuman","1"
"2017-M-0795","Josélio","1"
"2017-M-0796","Gualter","1"
"2017-M-0797","Alisson","1"
"2017-M-0798","Youmer","1"
"2017-M-0799","Wilker","1"
"2017-M-0800","Tegvirat","1"
"2017-M-0801","Teodor","1"
"2017-M-0802","Rafel","1"
"2017-M-0803","Mirko","1"
"2017-M-0804","Valter","1"
"2017-M-0805","Hamza","1"
"2017-M-0806","Siddarta","1"
"2017-M-0807","Mattin","1"
"2017-M-0808","Bernado","1"
"2017-M-0809","Helmer","1"
"2017-M-0810","Fidel","1"
"2017-M-0811","Loris","1"
"2017-M-0812","Maylon","1"
"2017-M-0813","Gleb","1"
"2017-M-0814","Denil","1"
"2017-M-0815","Elcimar","1"
"2017-M-0816","Mamadu","1"
"2017-M-0817","Elisei","1"
"2017-M-0818","Eleobel","1"
"2017-M-0819","Epandy","1"
"2017-M-0820","Gonçalves","1"
"2017-M-0821","Kiani","1"
"2017-M-0822","Joni","1"
"2017-M-0823","Aryel","1"
"2017-M-0824","Ashrafov","1"
"2017-M-0825","Chandra","1"
"2017-M-0826","Ivanilson","1"
"2017-M-0827","Galen","1"
"2017-M-0828","Olivier","1"
"2017-M-0829","Stivan","1"
"2017-M-0830","Tiamo","1"
"2017-M-0831","Luther","1"
"2017-M-0832","Yahel","1"
"2017-M-0833","Hulk","1"
"2017-M-0834","Douglas","1"
"2017-M-0835","Davit","1"
"2017-M-0836","Lucénio","1"
"2017-M-0837","Liyo","1"
"2017-M-0838","Federico","1"
"2017-M-0839","Ziad","1"
"2017-M-0840","Hedeler","1"
"2017-M-0841","Elison","1"
"2017-M-0842","Heldmar","1"
"2017-M-0843","Pascoal","1"
"2017-M-0844","Kaichen","1"
"2017-M-0845","Dayban","1"
"2017-M-0846","Prashil","1"
"2017-M-0847","Ulugbek","1"
"2017-M-0848","Shivaay","1"
"2017-M-0849","Iven","1"
"2017-M-0850","Emil","1"
"2017-M-0851","Koby","1"
"2017-M-0852","Liev","1"
"2017-M-0853","Heet","1"
"2017-M-0854","Ekamdeep","1"
"2017-M-0855","Pieter","1"
"2017-M-0856","Zakaria","1"
"2017-M-0857","Djalmo","1"
"2017-M-0858","Esanjo","1"
"2017-M-0859","Hariel","1"
"2017-M-0860","Danny","1"
"2017-M-0861","Mikaal","1"
"2017-M-0862","Wesillen","1"
"2017-M-0863","Mouhamad","1"
"2017-M-0864","Liedson","1"
"2017-M-0865","Ravydson","1"
"2017-M-0866","Chester","1"
"2017-M-0867","Muhamed","1"
"2017-M-0868","Kalebe","1"
"2017-M-0869","Soan","1"
"2017-M-0870","Shahood","1"
"2017-M-0871","Inti","1"
"2017-M-0872","Antoniusz","1"
"2017-M-0873","Jeremyah","1"
"2017-M-0874","Deniz","1"
"2017-M-0875","Haidam","1"
"2017-M-0876","Shalev","1"
"2017-M-0877","Mathys","1"
"2017-M-0878","Paolo","1"
"2017-M-0879","Kelt","1"
"2017-M-0880","Camnate","1"
"2017-M-0881","Joelson","1"
"2017-M-0882","Benevolo","1"
"2017-M-0883","Anatoly","1"
"2017-M-0884","Ehan","1"
"2017-M-0885","MD","1"
"2017-M-0886","Uriah","1"
"2017-M-0887","Hardik","1"
"2017-M-0888","Ekumbi","1"
"2017-M-0889","Mankirt","1"
"2017-M-0890","Bá","1"
"2017-M-0891","Rony","1"
"2017-M-0892","Edney","1"
"2017-M-0893","Hiram","1"
"2017-M-0894","Roangel","1"
"2017-M-0895","Marlond","1"
"2017-M-0896","Yssanzo","1"
"2017-M-0897","Jhonathan","1"
"2017-M-0898","Thor","1"
"2017-M-0899","Rosil","1"
"2017-M-0900","Diégo","1"
"2017-M-0901","Kaleb","1"
"2017-M-0902","Dmitrii","1"
"2017-M-0903","Horácio","1"
"2017-M-0904","Tymofiy","1"
"2017-M-0905","Kévan","1"
"2017-M-0906","Rikelmy","1"
"2017-M-0907","Antony","1"
"2017-M-0908","Tianyan","1"
"2017-M-0909","Amarildo","1"
"2017-M-0910","Ismoilkhon","1"
"2017-M-0911","Shoxjaxon","1"
"2017-M-0912","Maximilian","1"
"2017-M-0913","Andreas","1"
"2017-M-0914","Loreanne","1"
"2017-M-0915","Sviatoslav","1"
"2017-M-0916","Mohamad","1"
"2017-M-0917","Kyllen","1"
"2017-M-0918","Malik","1"
"2017-M-0919","Yoshiya","1"
"2017-M-0920","Giuseppe","1"
"2017-M-0921","Watson","1"
"2017-M-0922","Xelzio","1"
"2017-M-0923","Norato","1"
"2017-M-0924","Romilton","1"
"2017-M-0925","Furqan","1"
"2017-M-0926","Tanishq","1"
"2017-M-0927","Ednilson","1"
"2017-M-0928","Erikson","1"
"2017-M-0929","Jeremiah","1"
"2017-M-0930","Andrey","1"
"2017-M-0931","Gurtaj","1"
"2017-M-0932","Mahbeer","1"
"2017-M-0933","Illiya","1"
"2017-M-0934","Zayyan","1"
"2017-M-0935","Ikemdinachukwu","1"
"2017-M-0936","Tegdeep","1"
"2017-M-0937","Karna","1"
"2017-M-0938","Kamal","1"
"2017-M-0939","Havik","1"
"2017-M-0940","Saúl","1"
"2017-M-0941","Enoque","1"
"2017-M-0942","Clife","1"
"2017-M-0943","Tawseef","1"
"2017-M-0944","Geo","1"
"2017-M-0945","Bráulio","1"
"2017-M-0946","Nia","1"
"2017-M-0947","Kleiton","1"
"2017-M-0948","Kadosh","1"
"2017-M-0949","Máximo","1"
"2017-M-0950","Hexuan","1"
"2017-M-0951","Mauri","1"
"2017-M-0952","Joaquín","1"
"2017-M-0953","Adónis","1"
"2017-M-0954","Manuel-José","1"
"2017-M-0955","Djaim","1"
"2017-M-0956","Jabneel","1"
"2017-M-0957","Brás","1"
"2017-M-0958","Raufe","1"
"2017-M-0959","Marlous","1"
"2017-M-0960","Hochai","1"
"2017-M-0961","Claudino","1"
"2017-M-0962","Nigel","1"
"2017-M-0963","Tafhim","1"
"2017-M-0964","Zehui","1"
"2017-M-0965","Ferdinand","1"
"2017-M-0966","Andrés","1"
"2017-M-0967","Jesús","1"
"2017-M-0968","Daelve","1"
"2017-M-0969","Cezar","1"
"2017-M-0970","Desejado","1"
"2017-M-0971","Willmer","1"
"2017-M-0972","Roah","1"
"2017-M-0973","Launyo","1"
"2017-M-0974","Clemente","1"
"2017-M-0975","Iason","1"
"2017-M-0976","Sahibjot","1"
"2017-M-0977","Efraim","1"
"2017-M-0978","Lamine","1"
"2017-M-0979","Andrii","1"
"2017-M-0980","Kenneth","1"
"2017-M-0981","Robin","1"
"2017-M-0982","Fabián","1"
"2017-M-0983","Nicolseon","1"
"2017-M-0984","Pifte","1"
"2017-M-0985","Fredy","1"
"2017-M-0986","Laurentiu","1"
"2017-M-0987","Janio","1"
"2017-M-0988","Nayan","1"
"2017-M-0989","Taim","1"
"2017-M-0990","Jerral","1"
"2017-M-0991","Sacha","1"
"2017-M-0992","Jules","1"
"2017-M-0993","Kenan","1"
"2017-M-0994","Saeed","1"
"2017-M-0995","Mayel","1"
"2017-M-0996","Prasab","1"
"2017-M-0997","Syon","1"
"2017-M-0998","Junior","1"
"2017-M-0999","Uneet","1"
"2017-M-1000","Rudney","1"
"2017-M-1001","Samora","1"
"2017-M-1002","Harshak","1"
"2017-M-1003","Rosalino","1"
"2017-M-1004","Kyran","1"
"2017-M-1005","Ilyan","1"
"2017-M-1006","Mame","1"
"2017-M-1007","Ondjala","1"
"2017-M-1008","Dionísio","1"
"2017-M-1009","Deny","1"
"2017-M-1010","Tayson","1"
"2017-M-1011","Donald","1"
"2017-M-1012","Rómulo","1"
"2017-M-1013","Enilson","1"
"2017-M-1014","Jayronn","1"
"2017-M-1015","Edmundo","1"
"2017-M-1016","Nimit","1"
"2017-M-1017","Wallison","1"
"2017-M-1018","pedro","1"
"2017-M-1019","Sadrak","1"
"2017-M-1020","Yoshua","1"
"2017-M-1021","Alexandrino","1"
"2017-M-1022","Dyliam","1"
"2017-M-1023","Laksh","1"
"2017-M-1024","Osmy","1"
"2017-M-1025","Galang","1"
"2017-M-1026","Willmar","1"
"2017-M-1027","Ezra","1"
"2017-M-1028","Uziel","1"
"2017-M-1029","Luwamy","1"
"2017-M-1030","Hio","1"
"2017-M-1031","Rihaansh","1"
"2017-M-1032","Iosebi","1"
"2017-M-1033","Deógenes","1"
"2017-M-1034","Quim","1"
"2017-M-1035","Elvin","1"
"2017-M-1036","Niten","1"
"2017-M-1037","Jujharveer","1"
"2017-M-1038","Haziel","1"
"2017-M-1039","Rishit","1"
"2017-M-1040","Marley","1"
"2017-M-1041","Dayvon","1"
"2017-M-1042","Usemua","1"
"2017-M-1043","Mahian","1"
"2017-M-1044","Kailas","1"
"2017-M-1045","Yohanne","1"
"2017-M-1046","Jared","1"
"2017-M-1047","Luciel","1"
"2017-M-1048","Ayomi","1"
"2017-M-1049","Suikar","1"
"2017-M-1050","Esteban","1"
"2017-M-1051","Marcelino","1"
"2017-M-1052","Eldes","1"
"2017-M-1053","Yohanny","1"
"2017-M-1054","Maurio","1"
"2017-M-1055","Matviei","1"
"2017-M-1056","Ben-Hur","1"
"2017-M-1057","Nael","1"
"2017-M-1058","David-Adrian","1"
"2017-M-1059","Egor","1"
"2017-M-1060","Peter","1"
"2017-M-1061","Samarbir","1"
"2017-M-1062","Éros","1"
"2017-M-1063","Tomáz","1"
"2017-M-1064","Constantin","1"
"2017-M-1065","Artyom","1"
"2017-M-1066","Manrajpreet","1"
"2017-M-1067","Witsel","1"
"2017-M-1068","Leoatle","1"
"2017-M-1069","Heron","1"
"2017-M-1070","Yohane","1"
"2017-M-1071","Dayven","1"
"2017-M-1072","Danilson","1"
"2017-M-1073","Zuhad","1"
"2017-M-1074","Neysson","1"
"2017-M-1075","Bonifácio","1"
"2017-M-1076","Shubh","1"
"2017-M-1077","Mounir","1"
"2017-M-1078","Nerhy","1"
"2017-M-1079","Joseberto","1"
"2017-M-1080","Jhaynir","1"
"2017-M-1081","Dhatalo","1"
"2017-M-1082","Samartha","1"
"2017-M-1083","Momin","1"
"2017-M-1084","Jenelson","1"
"2017-M-1085","Marcus-Emil","1"
"2017-M-1086","Hussein","1"
"2017-M-1087","Tércio","1"
"2017-M-1088","Jaziel","1"
"2017-M-1089","Domi","1"
"2017-M-1090","Heider","1"
"2017-M-1091","Aras","1"
"2017-M-1092","Thierno","1"
"2017-M-1093","Irshade","1"
"2017-M-1094","Nero","1"
"2017-M-1095","Keyson","1"
"2017-M-1096","Troy","1"
"2017-M-1097","Arseniu","1"
"2017-M-1098","Eki","1"
"2017-M-1099","Rainner","1"
"2017-M-1100","Lietson","1"
"2017-M-1101","Allisson","1"
"2017-M-1102","Adhrit","1"
"2017-M-1103","Vílson","1"
"2017-M-1104","Dariu","1"
"2017-M-1105","Agrim","1"
"2017-M-1106","Raffael","1"
"2017-M-1107","Jó","1"
"2017-M-1108","Quinn","1"
"2017-M-1109","Avraj","1"
"2017-M-1110","Nelmar","1"
"2017-M-1111","Donato","1"
"2017-M-1112","Ondjaki","1"
"2017-M-1113","Matt","1"
"2017-M-1114","Riyadh","1"
"2017-M-1115","Deiny","1"
"2017-M-1116","Wagner","1"
"2017-M-1117","Haikal","1"
"2017-M-1118","Idris","1"
"2017-M-1119","Tchiovany","1"
"2017-M-1120","Otaviu","1"
"2017-M-1121","Jabulani","1"
"2017-M-1122","Cheick","1"
"2017-M-1123","Naman","1"
"2017-M-1124","Derik","1"
"2017-M-1125","Sergio","1"
"2017-M-1126","Ihsan","1"
"2017-M-1127","Cassiano","1"
"2017-M-1128","Jodhveer","1"
"2017-M-1129","Helton","1"
"2017-M-1130","Sambela","1"
"2017-M-1131","Janivaldo","1"
"2017-M-1132","Kismatpreet","1"
"2017-M-1133","Ridwan","1"
"2017-M-1134","Lehan","1"
"2017-M-1135","Lévi","1"
"2017-M-1136","Gurjot","1"
"2017-M-1137","Seliel","1"
"2017-M-1138","Wendhell","1"
"2017-M-1139","Mustafa","1"
"2017-M-1140","Biren","1"
"2017-M-1141","Gaurish","1"
"2017-M-1142","Braylen","1"
"2017-M-1143","Kiamy","1"
"2017-M-1144","Izaiah","1"
"2017-M-1145","Kelcio","1"
"2017-M-1146","Eliam","1"
"2017-M-1147","Isslam","1"
"2017-M-1148","Ayyan","1"
"2017-M-1149","Issagha","1"
"2017-M-1150","Ivander","1"
"2017-M-1151","Carmichael","1"
"2017-M-1152","Sergey","1"
"2017-M-1153","Angadbir","1"
"2017-M-1154","Andréi","1"
"2017-M-1155","Christos","1"
"2017-M-1156","Jasmeet","1"
"2017-M-1157","Musabin","1"
"2017-M-1158","Ostap","1"
"2017-M-1159","Ibraima","1"
"2017-M-1160","Golden","1"
"2017-M-1161","Elson","1"
"2017-M-1162","Yun","1"
"2017-M-1163","Sonny","1"
"2017-M-1164","Wallace","1"
"2017-M-1165","Jeferson","1"
"2017-M-1166","Qasim","1"
"2017-M-1167","Umaro","1"
"2017-M-1168","Xiangyun","1"
"2017-M-1169","Daivon","1"
"2017-M-1170","Génesis","1"
"2017-M-1171","Oseias","1"
"2017-M-1172","Arifur","1"
"2017-M-1173","Dominik","1"
"2017-M-1174","Kaiyang","1"
"2017-M-1175","Illya","1"
"2017-M-1176","Laith","1"
"2017-M-1177","Lissandro","1"
"2017-M-1178","Petro","1"
"2017-M-1179","Shreyas","1"
"2017-M-1180","Shahzodjon","1"
"2017-M-1181","Libério","1"
"2017-M-1182","Adryann","1"
"2017-M-1183","Kielson","1"
"2017-M-1184","Déniel","1"
"2017-M-1185","Lyonel","1"
"2017-M-1186","Dérick","1"
"2017-M-1187","Grizman","1"
"2017-M-1188","Henish","1"
"2017-M-1189","Benedito","1"
"2017-M-1190","Timothy","1"
"2017-M-1191","Evgeniy","1"
"2017-M-1192","Julião","1"
"2017-M-1193","Atalay","1"
"2017-M-1194","Raheem","1"
"2017-M-1195","Elionai","1"
"2017-M-1196","Shunyuk","1"
"2017-M-1197","Rihadur","1"
"2017-M-1198","Ivaan","1"
"2017-M-1199","Marvim","1"
"2017-M-1200","Vansh","1"
"2017-M-1201","Ludwin","1"
"2017-M-1202","Cid","1"
"2017-M-1203","Marwane","1"
"2017-M-1204","Abbaad","1"
"2017-M-1205","Jayr","1"
"2017-M-1206","Aaditya","1"
"2017-M-1207","Yunay","1"
"2017-M-1208","Tao","1"
"2017-M-1209","Virpartap","1"
"2017-M-1210","Vidyut","1"
"2017-M-1211","Téo","1"
"2017-M-1212","Sálvio","1"
"2017-M-1213","Vanderson","1"
"2017-M-1214","Tama","1"
"2017-M-1215","Alpha","1"
"2017-M-1216","Jin","1"
"2017-M-1217","Ruslan","1"
"2017-M-1218","Erickson","1"
"2017-M-1219","Jiyan","1"
"2017-M-1220","Kiami","1"
"2017-M-1221","Baciro","1"
"2017-M-1222","Cristhian","1"
"2017-M-1223","Reyaan","1"
"2017-M-1224","Haley","1"
"2017-M-1225","Rachid","1"
"2017-M-1226","Flynn","1"
"2017-M-1227","Harsh","1"
"2017-M-1228","Arhaan","1"
"2017-M-1229","Érick","1"
"2017-M-1230","Pranish","1"
"2017-M-1231","kelvin","1"
"2017-M-1232","Álan","1"
"2017-M-1233","Gláuber","1"
"2017-M-1234","Tanveer","1"
"2017-M-1235","Dawilton","1"
"2017-M-1236","Hossi","1"
"2017-M-1237","Hyann","1"
"2017-M-1238","Gabriell","1"
"2017-M-1239","Reuben","1"
"2017-M-1240","Joseph","1"
"2017-M-1241","Xaday","1"
"2017-M-1242","Dashawan","1"
"2017-M-1243","Filippo","1"
"2017-M-1244","Issa","1"
"2017-M-1245","Erisson","1"
"2017-M-1246","Albano","1"
"2017-M-1247","Danyel","1"
"2017-M-1248","Odjaime","1"
"2017-M-1249","Anton","1"
"2017-M-1250","Nahime","1"
"2017-M-1251","Sai","1"
"2017-M-1252","Linus","1"
"2017-M-1253","Lennor","1"
"2017-M-1254","Alisher","1"
"2017-M-1255","Winston","1"
"2017-M-1256","Layyin","1"
"2017-M-1257","Yohano","1"
"2017-M-1258","Enzel","1"
"2017-M-1259","Belarmino","1"
"2017-M-1260","Teófilo","1"
"2017-M-1261","Weziel","1"
"2017-M-1262","Jeffté","1"
"2017-M-1263","Ayham","1"
"2017-M-1264","Luany","1"
"2017-M-1265","Alípio","1"
"2017-M-1266","Eloy","1"
"2017-M-1267","Finn","1"
"2017-M-1268","Gregório","1"
"2017-M-1269","Petros","1"
"2017-M-1270","Uday","1"
"2017-M-1271","Mouldi","1"
"2017-M-1272","Mawete","1"
"2017-M-1273","Zavian","1"
"2017-M-1274","Vitold","1"
"2017-M-1275","Ussumane","1"
"2017-M-1276","Toby","1"
"2017-M-1277","Tudor","1"
"2017-M-1278","kevin","1"
"2017-M-1279","Haider","1"
"2017-M-1280","Boanerges","1"
"2017-M-1281","Izet","1"
"2017-M-1282","Rihank","1"
"2017-M-1283","Luke","1"
"2017-M-1284","Agamveer","1"
"2017-M-1285","Adiv","1"
"2017-M-1286","Deep","1"
"2017-M-1287","Carly","1"
"2017-M-1288","Apollo","1"
"2017-M-1289","Haoran","1"
"2017-M-1290","Elmer","1"
"2017-M-1291","Giovanny","1"
"2017-M-1292","Ítalo","1"
"2017-M-1293","Pyetro","1"
"2017-M-1294","Josiah","1"
"2017-M-1295","Andry","1"
"2017-M-1296","Celestino","1"
"2017-M-1297","Nivaldo","1"
"2017-M-1298","Kaian","1"
"2017-M-1299","Mayke","1"
"2017-M-1300","Cós","1"
"2017-M-1301","Akio","1"
"2017-M-1302","Nivaan","1"
"2017-M-1303","Floriano","1"
"2017-M-1304","Emilian-Mycailo","1"
"2017-M-1305","Abrãao","1"
"2017-M-1306","Kosma","1"
"2017-M-1307","Juscelino","1"
"2017-M-1308","Weiyong","1"
"2017-M-1309","Vivaan","1"
"2017-M-1310","Elay","1"
"2017-M-1311","Yohaness","1"
"2017-M-1312","Devanshu","1"
"2017-M-1313","Redouane","1"
"2017-M-1314","Gerald","1"
"2017-M-1315","Faysal","1"
"2017-M-1316","Aaryav","1"
"2017-M-1317","Aksel","1"
"2017-M-1318","Ramzanbek","1"
"2017-M-1319","Haoyi","1"
"2017-M-1320","Éden","1"
"2017-M-1321","Shavya","1"
"2017-M-1322","Naksh","1"
"2017-M-1323","Arav","1"
"2017-M-1324","Ghael","1"
"2017-M-1325","Eduane","1"
"2017-M-1326","Aden","1"
"2017-M-1327","Aayush","1"
"2017-M-1328","Wali","1"
"2017-M-1329","Dyego","1"
"2017-M-1330","Alvaro","1"
"2017-M-1331","Abijot","1"
"2017-M-1332","Kristal","1"
"2017-M-1333","Randy","1"
"2017-M-1334","Said","1"
"2017-M-1335","Hazaelson","1"
"2017-M-1336","Hericson","1"
"2017-M-1337","Maxím","1"
"2017-M-1338","Ousmane","1"
"2017-M-1339","Thales","1"
"2017-M-1340","Luati","1"
"2017-M-1341","Sebastián","1"
"2017-M-1342","Azahel","1"
"2017-M-1343","Ivanildo","1"
"2017-M-1344","Wellington","1"
"2017-M-1345","Jan","1"
"2017-M-1346","Sahel","1"
"2017-M-1347","Nurik","1"
"2017-M-1348","Enrik","1"
"2017-M-1349","Timéo","1"
"2017-M-1350","Tony","1"
"2017-M-1351","Abrar","1"
"2017-M-1352","Augustin,","1"
"2017-M-1353","Gilceir","1"
"2017-M-1354","Sunny","1"
"2017-M-1355","Hiwamy","1"
"2017-M-1356","Urias","1"
"2017-M-1357","Litos","1"
"2017-M-1358","Noor","1"
"2017-M-1359","Quévin","1"
"2017-M-1360","Maris","1"
"2017-M-1361","Hiyan","1"
"2017-M-1362","Subhan","1"
"2017-M-1363","Alexandr","1"
"2017-M-1364","Teo","1"
"2017-M-1365","Fayaaz","1"
"2017-M-1366","Malick","1"
"2017-M-1367","Wissam","1"
"2017-M-1368","Maximiano","1"
"2017-M-1369","Saihou","1"
"2017-M-1370","Enezer","1"
"2017-M-1371","Delfim","1"
"2017-M-1372","Kasper","1"
"2017-M-1373","Antônio","1"
"2017-M-1374","Artemio","1"
"2017-M-1375","Laxh","1"
"2017-M-1376","Jardel","1"
"2017-M-1377","Velkan","1"
"2017-M-1378","Kahan","1"
"2017-M-1379","Giannini","1"
"2017-M-1380","Jhonny","1"
"2017-M-1381","Azazias","1"
"2017-M-1382","Sean","1"
"2017-M-1383","Eduard-Florin","1"
"2017-M-1384","Aritz","1"
"2017-M-1385","Dimitrii","1"
"2017-M-1386","Sangdup","1"
"2017-M-1387","Dhruv","1"
"2017-M-1388","Muaaz","1"
"2017-M-1389","Rayn","1"
"2017-M-1390","Julyan","1"
"2017-M-1391","Heyden","1"
"2017-M-1392","Alexio","1"
"2017-M-1393","Zaid","1"
"2017-M-1394","Neemias","1"
"2017-M-1395","Tameem","1"
"2017-M-1396","Vasko","1"
"2017-M-1397","Porter","1"
"2017-M-1398","Kwezy","1"
"2017-M-1399","Nischal","1"
"2017-M-1400","Valton","1"
"2017-M-1401","Mikelson","1"
"2017-M-1402","Háchel","1"
"2017-M-1403","Joachim","1"
"2017-M-1404","Alessyo","1"
"2017-M-1405","Ailton","1"
"2017-M-1406","Kondua","1"
"2017-M-1407","Juwei","1"
"2017-M-1408","Elhadj","1"
"2017-M-1409","Spencer","1"
"2017-M-1410","Lorenz","1"
"2017-M-1411","Garvish","1"
"2017-M-1412","Rayyan","1"
"2017-M-1413","Cruz","1"
"2017-M-1414","Yuxuan","1"
"2017-M-1415","Aniket","1"
"2017-M-1416","Isandro","1"
"2017-M-1417","Jebin","1"
"2017-M-1418","Kevinn","1"
"2017-M-1419","Henil","1"
"2017-M-1420","Zuhain","1"
"2017-M-1421","Adhvic","1"
"2017-M-1422","Bevan","1"
"2017-M-1423","Tuncan","1"
"2017-M-1424","Gusttavo","1"
"2017-M-1425","Tymur","1"
"2017-M-1426","Eflatun","1"
"2017-M-1427","Kelvine","1"
"2017-M-1428","Samirjon","1"
"2017-M-1429","Mehdi","1"
"2017-M-1430","Brais","1"
"2017-M-1431","Abu","1"
"2017-M-1432","Denys","1"
"2017-M-1433","Alcino","1"
"2017-M-1434","Juul","1"
"2017-M-1435","Milan","1"
"2017-M-1436","Nicodemos","1"
"2017-M-1437","Ammar","1"
"2017-M-1438","Kaua","1"
"2017-M-1439","Manan","1"
"2017-M-1440","Jaaziel","1"
"2017-M-1441","Yannes","1"
"2017-M-1442","Stanislav","1"
"2017-M-1443","Sohayb","1"
"2017-M-1444","Vilson","1"
"2017-M-1445","Rubem","1"
"2017-M-1446","Élton","1"
"2017-M-1447","Serghei","1"
"2017-M-1448","Etiandro","1"
"2017-M-1449","Ameer","1"
"2017-M-1450","Éric","1"
"2017-M-1451","Abdoulaye","1"
"2017-M-1452","Isalécio","1"
"2017-M-1453","Aton","1"
"2017-M-1454","Favian","1"
"2017-M-1455","Abdour","1"
"2017-M-1456","Neon","1"
"2017-M-1457","EriK","1"
"2017-M-1458","Isack","1"
"2017-M-1459","Safat","1"
"2017-M-1460","Cheslav","1"
"2017-M-1461","Melvin","1"
"2017-M-1462","Kalifa","1"
"2017-M-1463","Nelsony","1"
"2017-M-1464","Saibou","1"
"2017-M-1465","Lamar","1"
"2017-M-1466","Malaquias","1"
"2017-M-1467","Gabriel-Nicolae","1"
"2017-M-1468","Danni","1"
"2017-M-1469","Elia","1"
"2017-M-1470","Raffaello","1"
"2017-M-1471","Marat","1"
"2017-M-1472","Aasutosh","1"
"2017-M-1473","Dannyel","1"
"2017-M-1474","Jocélio","1"
"2017-M-1475","Harrison","1"
"2017-M-1476","Damécoiul","1"
"2017-M-1477","Dennis","1"
"2017-M-1478","Sarfaraj","1"
"2017-M-1479","Lino","1"
"2017-M-1480","Lionel","1"
"2017-M-1481","Stelvio","1"
"2017-M-1482","Safwan","1"
"2017-M-1483","Lev","1"
"2017-M-1484","Kincas","1"
"2017-M-1485","Nádio","1"
"2017-M-1486","Salahiddin","1"
"2017-M-1487","Emiliano","1"
"2017-M-1488","Kemyh","1"
"2017-M-1489","Homero","1"
"2017-M-1490","Radut","1"
"2017-M-1491","Hui","1"
"2017-M-1492","Siyon","1"
"2017-M-1493","Arvik","1"
"2017-M-1494","Sofiene","1"
"2017-M-1495","Yousaf","1"
"2017-M-1496","Calasse","1"
"2017-M-1497","Geraldo","1"
"2017-M-1498","Bopcyen","1"
"2017-M-1499","Hriday","1"
"2017-M-1500","Khendrick","1"
"2017-M-1501","Emídio","1"
"2017-M-1502","Eusébio","1"
"2017-M-1503","Kelmen","1"
"2017-M-1504","Elish","1"
"2017-M-1505","Landerson","1"
"2017-M-1506","Rolex","1"
"2017-M-1507","Devin","1"
"2017-M-1508","Zixin","1"
"2017-M-1509","Dautarin","1"
"2017-M-1510","Odysseas","1"
"2017-M-1511","Kawinuar","1"
"2017-M-1512","Karamokho","1"
"2017-M-1513","Alecsandru","1"
"2017-M-1514","Raylander","1"
"2017-M-1515","Maxime","1"
"2017-M-1516","Wamy","1"
"2017-M-1517","Manzambi","1"
"2017-M-1518","Yann","1"
"2017-M-1519","Sinan","1"
"2017-M-1520","Ashron","1"
"2017-M-1521","Oskar","1"
"2017-M-1522","Rayh","1"
"2017-M-1523","Ben","1"
"2017-M-1524","Cristyan","1"
"2017-M-1525","Elber","1"
"2017-M-1526","Adenilson","1"
"2017-M-1527","Otniel","1"
"2017-M-1528","Arcanjo","1"
"2017-M-1529","Hailé","1"
"2017-M-1530","Diègo","1"
"2017-M-1531","Rocco","1"
"2017-M-1532","Aquilles","1"
"2017-M-1533","Tridib","1"
"2017-M-1534","Abdur","1"
"2017-M-1535","Maceo","1"
"2017-M-1536","Henzel","1"
"2017-M-1537","Fares","1"
"2017-M-1538","Leonidas","1"
"2017-M-1539","Gurwin","1"
"2017-M-1540","Ahmad","1"
"2017-M-1541","Zixuan","1"
"2017-M-1542","Parasdeep","1"
"2017-M-1543","Dhuvit","1"
"2017-M-1544","Karmanbir","1"
"2017-M-1545","Fanli","1"
"2017-M-1546","Jaivardhan","1"
"2017-M-1547","Tahiano","1"
"2017-M-1548","Lau","1"
"2017-M-1549","Stanil","1"
"2017-M-1550","Agirim","1"
"2017-M-1551","Natã","1"
"2017-M-1552","Serge","1"
"2017-M-1553","Deeko","1"
"2017-M-1554","Nasiruddin","1"
"2017-M-1555","Nathaniel","1"
"2017-M-1556","Ionut","1"
"2017-M-1557","Bhuvik","1"
"2017-M-1558","Khevin","1"
"2017-M-1559","Fidélio","1"
"2017-M-1560","Hersílio","1"
"2017-M-1561","Aurelian","1"
"2017-M-1562","Maaran","1"
"2017-M-1563","Zidane","1"
"2017-M-1564","Greyson","1"
"2017-M-1565","Lyubomir","1"
"2017-M-1566","Ilesh","1"
"2017-M-1567","Aguiell","1"
"2017-M-1568","Krish","1"
"2017-M-1569","Aníbal","1"
"2017-M-1570","Mann","1"
"2017-M-1571","Unnat","1"
"2017-M-1572","Umar","1"
"2017-M-1573","Aliou","1"
"2017-M-1574","Magnus","1"
"2017-M-1575","Yashmeet","1"
"2017-M-1576","Arilson","1"
"2017-M-1577","Samyol","1"
"2017-M-1578","Idálio","1"
"2017-M-1579","Sultan","1"
"2017-M-1580","Musab","1"
"2017-M-1581","Haroun","1"
"2017-M-1582","Mussab","1"
"2017-M-1583","Stefano","1"
"2017-M-1584","Xucheng","1"
"2017-M-1585","Subim","1"
"2017-M-1586","Almir","1"
"2017-M-1587","Susana","1"
"2017-M-1588","Êine","1"
"2017-M-1589","zichen","1"
"2017-M-1590","Malam","1"
"2017-M-1591","Ravier","1"
"2017-M-1592","Udeshya","1"
"2017-M-1593","Amaël","1"
"2017-M-1594","Ho","1"
"2017-M-1595","Zhivko","1"
"2017-M-1596","Thomaz","1"
"2017-M-1597","Volodymyr","1"
"2017-M-1598","Vitalie","1"
"2017-M-1599","Ádrian","1"
"2017-M-1600","Arman","1"
"2017-M-1601","Jaskirat","1"
"2017-M-1602","Guido","1"
"2017-M-1603","Ranieri","1"
"2017-M-1604","Norberto","1"
"2017-M-1605","Eyvan","1"
"2017-M-1606","Yacine","1"
"2017-M-1607","Jeovani","1"
"2017-M-1608","Adi","1"
"2017-M-1609","Riquelme","1"
"2017-M-1610","Ana","1"
"2017-M-1611","Evilazio","1"
"2017-M-1612","Ismaíl","1"
"2017-M-1613","Ajwaad","1"
"2017-M-1614","Kenzel","1"
"2017-M-1615","Otchalli","1"
"2017-M-1616","Jhordan","1"
"2017-M-1617","Taciano","1"
"2017-M-1618","Altair","1"
"2017-M-1619","Abaan","1"
"2017-M-1620","Kayllen","1"
"2017-M-1621","kendrick","1"
"2017-M-1622","Jiale","1"
"2017-M-1623","Bolin","1"
"2017-M-1624","Nodi","1"
"2017-M-1625","Sahat","1"
"2017-M-1626","Muriel","1"
"2017-M-1627","Wilkins","1"
"2017-M-1628","Nicola","1"
"2017-M-1629","Enockh","1"
"2017-M-1630","Imran","1"
"2017-M-1631","Kingston","1"
"2017-M-1632","Ramiro","1"
"2017-M-1633","Abrão","1"
"2017-M-1634","Hirak","1"
"2017-M-1635","Yanni","1"
"2017-M-1636","Jenoah","1"
"2017-M-1637","Wally","1"
"2017-M-1638","Jake","1"
"2017-M-1639","Zacur","1"
"2017-M-1640","Willion","1"
"2017-M-1641","Rian","1"
"2017-M-1642","Junye","1"
"2017-M-1643","Rômulo","1"
"2017-M-1644","Handerson","1"
"2017-M-1645","Aylton","1"
"2017-M-1646","Madílson","1"
"2017-M-1647","Gurnoor","1"
"2017-M-1648","Utkarsh","1"
"2017-M-1649","Dany","1"
"2017-M-1650","Muyinjon","1"
"2017-M-1651","Benjamín","1"
"2017-M-1652","Mahmoud","1"
"2017-M-1653","Sténio","1"
"2017-M-1654","Kristian","1"
"2017-M-1655","Gervásio","1"
"2017-M-1656","Hrehaan","1"
"2017-M-1657","Amit","1"
"2017-M-1658","Viktor","1"
"2017-M-1659","Melky","1"
"2017-M-1660","Ever","1"
"2017-M-1661","Aldair","1"
"2017-M-1662","Linar","1"
"2017-M-1663","Rodger","1"
"2017-M-1664","Taimur","1"
"2017-M-1665","Eliseo","1"
"2017-M-1666","Lorenço","1"
"2017-M-1667","Denzello","1"
"2017-M-1668","ShaKur","1"
"2017-M-1669","Tomasz","1"
"2017-M-1670","Araf","1"
"2017-M-1671","Kuziva","1"
"2017-M-1672","Vicenzo","1"
"2017-M-1673","Ammadu","1"
"2017-M-1674","Deicy","1"
"2017-M-1675","Nikson","1"
"2017-M-1676","Aagaman","1"
"2017-M-1677","Antón","1"
"2017-M-1678","Santino","1"
"2017-M-1679","Idelfrides","1"
"2017-M-1680","Masichukwu","1"
"2017-M-1681","Harjio","1"
"2017-M-1682","Wayamy","1"
"2017-M-1683","Mikola","1"
"2017-M-1684","Yudi","1"
"2017-M-1685","Farrux","1"
"2017-M-1686","Aldo","1"
"2017-M-1687","Alonzo","1"
"2017-M-1688","Wilian","1"
"2017-M-1689","Arielson","1"
"2017-M-1690","Krittrin","1"
"2017-M-1691","Aareesh","1"
"2017-M-1692","Hector","1"
"2017-M-1693","Martiniano","1"
"2017-M-1694","Rashid","1"
"2017-M-1695","Oleksiy","1"
"2017-M-1696","Cole","1"
"2017-M-1697","Jasiel","1"
"2017-M-1698","Bénur","1"
"2017-M-1699","Jesse","1"
"2017-M-1700","Neo","1"
"2017-M-1701","Avitaj","1"
"2017-M-1702","Everson","1"
"2017-M-1703","Ismail","1"
"2017-M-1704","Tchiene","1"
"2017-M-1705","Dai","1"
"2017-M-1706","Ramon","1"
"2017-M-1707","Edman","1"
"2017-M-1708","Adnísio","1"
"2017-M-1709","Shiva","1"
"2017-M-1710","Saatvik","1"
"2017-M-1711","Immanuel","1"
"2017-M-1712","Izael","1"
"2017-M-1713","Riquel","1"
"2017-M-1714","Ved","1"
"2017-M-1715","Youri","1"
"2017-M-1716","Mhamad","1"
"2017-M-1717","Otávio","1"
"2017-M-1718","Wytalo","1"
"2017-M-1719","Giani","1"
"2017-M-1720","Devlin","1"
"2017-M-1721","Rayane","1"
"2017-M-1722","Danil","1"
"2017-M-1723","Harron","1"
"2017-M-1724","Malcom","1"
"2017-M-1725","Dann","1"
"2017-M-1726","Teodoro","1"
"2017-M-1727","Kenil","1"
"2017-M-1728","Sátia","1"
"2017-M-1729","Rufino","1"
"2017-M-1730","Syed","1"
"2017-M-1731","Rubens","1"
"2017-M-1732","Simeão","1"
"2017-M-1733","Anatole","1"
"2017-M-1734","Julien","1"
"2017-M-1735","Nawaf","1"
"2017-M-1736","Ocean","1"
"2017-M-1737","Williams","1"
"2017-M-1738","Sekouba","1"
"2017-M-1739","Mayron","1"
"2017-M-1740","Nikola","1"
"2017-M-1741","Samman","1"
"2017-M-1742","Kyami","1"
"2017-M-1743","Idrissa","1"
"2017-M-1744","Eliseu","1"
"2017-M-1745","Artiom","1"
"2017-M-1746","Yifan","1"
"2017-M-1747","Kanye","1"
"2017-M-1748","Noa","1"
"2017-M-1749","Aagam","1"
"2017-M-1750","Elliott","1"
"2017-M-1751","Nícolas","1"
"2017-M-1752","Léon","1"
"2017-M-1753","Marilson","1"
"2017-M-1754","Zayden","1"
"2017-M-1755","Iuri","1"
"2017-M-1756","Aboubacar","1"
"2017-M-1757","Kaiser","1"
"2017-M-1758","Wayame","1"
"2017-M-1759","Derrick","1"
"2017-M-1760","Sohaan","1"
"2017-M-1761","Bacari","1"
"2017-M-1762","Castiel","1"
"2017-M-1763","Mouhamadou","1"
"2017-M-1764","Ritchel","1"
"2017-M-1765","Arseniy","1"
"2017-M-1766","Matvei","1"
"2017-M-1767","Justo","1"
"2017-M-1768","Amrit","1"
"2017-M-1769","Rio","1"
"2017-M-1770","Neymar","1"
"2017-M-1771","Nedylson","1"
"2017-M-1772","Harsit","1"
"2017-M-1773","Yusufbek","1"
"2017-M-1774","Jurik","1"
"2017-M-1775","Dereck","1"
"2017-M-1776","Mihael","1"
"2017-M-1777","Wildany","1"
"2017-M-1778","Tufayl","1"
"2017-M-1779","Yaman","1"
"2017-M-1780","Mirhat","1"
"2017-M-1781","Aariyan","1"
"2017-M-1782","Mariel","1"
"2017-M-1783","Lemilson","1"
"2017-M-1784","Delmar","1"
"2017-M-1785","Aristarch","1"
"2017-M-1786","Ucher","1"
"2017-M-1787","Asher","1"
"2017-M-1788","Mahfuz","1"
"2017-M-1789","Keylor","1"
"2017-M-1790","Ekamjot","1"
"2017-M-1791","Sadi","1"
"2017-M-1792","Adiel","1"
"2017-M-1793","Laziz","1"
"2017-M-1794","Zodi","1"
"2017-M-1795","Kleusio","1"
"2017-M-1796","Maks","1"
"2017-M-1797","Pan","1"
"2017-M-1798","Da","1"
"2017-M-1799","Constantino","1"
"2017-M-1800","Guillermo","1"
"2017-M-1801","Fernandinho","1"
"2017-M-1802","Oday","1"
"2017-M-1803","Zech","1"
"2017-M-1804","Tim","1"
"2017-M-1805","Maximillian","1"
"2017-M-1806","Delson","1"
"2017-M-1807","Yash","1"
"2017-M-1808","Armindo","1"
"2017-M-1809","Élmerson","1"
"2017-M-1810","Vraj","1"
"2017-M-1811","Abishkar","1"
"2017-M-1812","Shodiyor","1"
"2017-M-1813","Mike","1"
"2017-M-1814","Kevihn","1"
"2017-M-1815","Cleyton","1"
"2017-M-1816","Sébastien","1"
"2017-M-1817","Fhilipe","1"
"2017-M-1818","Rominio","1"
"2017-M-1819","Shelton","1"
"2017-M-1820","Rahul","1"
"2017-M-1821","Torcato","1"
"2017-M-1822","Sidak","1"
"2017-M-1823","Keizer","1"
"2017-M-1824","Mizael","1"
"2017-M-1825","Fabricio","1"
"2017-M-1826","Dídac","1"
"2017-M-1827","Kiezo","1"
"2017-M-1828","Fabien","1"
"2017-M-1829","Helvis","1"
"2017-M-1830","Cristopher","1"
"2017-M-1831","Darian","1"
"2017-M-1832","Mahad","1"
"2017-M-1833","Nickolas","1"
"2017-M-1834","Avish","1"
"2017-M-1835","Aadvik","1"
"2017-M-1836","Ioane","1"
"2017-M-1837","Yesalel","1"
"2017-M-1838","Nicolae","1"
"2017-M-1839","Isaak","1"
"2017-M-1840","Maikol","1"
"2017-M-1841","Jadhiel","1"
"2017-M-1842","Pranup","1"
"2017-M-1843","Giorgi","1"
"2017-M-1844","Ádrien","1"
"2017-M-1845","Mikhail","1"
"2017-M-1846","Wagnner","1"
"2017-M-1847","Alimou","1"
"2017-M-1848","Tejbir","1"
"2017-M-1849","Jupiter","1"
"2017-M-1850","Alit","1"
"2017-M-1851","Nishrit","1"
"2017-M-1852","Tristão","1"
"2017-M-1853","Finjo","1"
"2017-M-1854","Jáasiel","1"
"2017-M-1855","Kyenne","1"
"2017-M-1856","Mykola","1"
"2017-M-1857","Preeyam","1"
"2017-M-1858","Valteomar","1"
"2017-M-1859","Ran","1"
"2017-M-1860","Andres","1"
"2017-M-1861","Madjer","1"
"2017-M-1862","Euneson","1"
"2017-M-1863","Farruhbek","1"
"2017-M-1864","Vladimiro","1"
"2017-M-1865","Mubassher","1"
"2017-M-1866","Dharvin","1"
"2017-M-1867","Shreyan","1"
"2017-M-1868","Giovane","1"
"2017-M-1869","Mykhael","1"
"2017-M-1870","Melvyn","1"
"2017-M-1871","Alair","1"
"2017-M-1872","Ranael","1"
"2017-M-1873","Tamerlan","1"
"2017-M-1874","Haochen","1"
"2017-M-1875","Ritesh","1"
"2017-M-1876","Milo","1"
"2017-M-1877","Maikal","1"
"2017-M-1878","Wacill","1"
"2017-M-1879","Didier","1"
"2017-M-1880","Kayo","1"
"2017-M-1881","Yassin","1"
"2017-M-1882","Varis","1"
"2017-M-1883","Jiaqi","1"
"2017-M-1884","Kiril","1"
"2017-M-1885","Ray","1"
"2017-M-1886","Julio","1"
"2017-M-1887","Ansh","1"
"2017-M-1888","Moa","1"
"2017-M-1889","Wendell","1"
"2017-M-1890","Aawas","1"
"2017-M-1891","Dércio","1"
"2017-M-1892","Gabriele","1"
"2017-M-1893","Ezekiel","1"
"2017-M-1894","Custódio","1"
"2017-M-1895","Sameer","1"
"2017-M-1896","Alikih","1"
"2017-M-1897","Valdimir","1"
"2017-M-1898","Wady","1"
"2017-M-1899","Ludmiro","1"
"2017-M-1900","Nilsson","1"
"2017-M-1901","Nigut","1"
"2017-M-1902","Zinon","1"
"2017-M-1903","Yeshkirat","1"
"2017-M-1904","Almar","1"
"2017-M-1905","Gursahib","1"
"2017-M-1906","Amiran","1"
"2017-M-1907","Haris","1"
"2017-M-1908","Elmo","1"
"2017-M-1909","Jude","1"
"2017-M-1910","Connor","1"
"2017-M-1911","Élvio","1"
"2017-M-1912","Antero","1"
"2017-M-1913","Maciel","1"
"2017-M-1914","Yahnoah","1"
"2017-M-1915","Ahil","1"
"2017-M-1916","Jairson","1"
"2017-M-1917","Josemar","1"
"2017-M-1918","Bhargav","1"
"2017-M-1919","Gérson","1"
"2017-M-1920","Luíz","1"
"2017-M-1921","Chrystian","1"
"2017-M-1922","Sujit","1"
"2017-M-1923","Bambó","1"
"2017-M-1924","Zeferino","1"
"2017-M-1925","Neimar","1"
"2017-M-1926","Noble","1"
"2017-M-1927","Emaz","1"
"2017-M-1928","Oluwademilade","1"
"2017-M-1929","Ventura","1"
"2017-M-1930","Zihanwei","1"
"2017-M-1931","Marik","1"
"2017-M-1932","Angel","1"
"2017-M-1933","Guizat","1"
"2017-M-1934","Vasiliy","1"
"2017-M-1935","Rostislav","1"
"2017-M-1936","Darien","1"
"2017-M-1937","Leunammi","1"
"2017-M-1938","Samyar","1"
"2017-M-1939","Sahil","1"
"2017-M-1940","Geovani","1"
"2017-M-1941","Laurindo","1"
"2017-M-1942","Hasley","1"
"2017-M-1943","Cosme","1"
"2017-M-1944","Theodore","1"
"2017-M-1945","Cayden","1"
"2017-M-1946","Tejasveer","1"
"2017-M-1947","Keita","1"
"2017-M-1948","Vadym","1"
"2017-M-1949","Estéfano","1"
"2017-M-1950","Aldaír","1"
"2017-M-1951","Djason","1"
"2017-M-1952","Rafiq","1"
"2017-M-1953","Karlos","1"
"2017-M-1954","Swayam","1"
"2017-M-1955","Lizandro","1"
"2017-M-1956","Luale","1"
"2017-M-1957","Aravpreet","1"
"2017-M-1958","Tayyab","1"
"2017-M-1959","Octavio","1"
"2017-M-1960","Kayson","1"
"2017-M-1961","Muhammadamin","1"
"2017-M-1962","Ziany","1"
"2017-M-1963","Valquírio","1"
"2017-M-1964","Gaetano","1"
"2017-M-1965","Anas","1"
"2017-M-1966","Ling","1"
"2017-M-1967","Bubacar","1"
"2017-M-1968","Robson","1"
"2017-M-1969","Adley","1"
"2017-M-1970","Joao","1"
"2017-M-1971","Andy","1"
"2017-M-1972","Anuldjan","1"
"2017-M-1973","Nick","1"
"2017-M-1974","Andrian","1"
"2017-M-1975","Remy","1"
"2017-M-1976","Bless","1"
"2017-M-1977","Nikoloz","1"
"2017-M-1978","Cleo","1"
"2017-M-1979","Aadeep","1"
"2017-M-1980","Junlei","1"
"2017-M-1981","Navyug","1"
"2017-M-1982","Hermínio","1"
"2017-M-1983","Oziel","1"
"2017-M-1984","Raef","1"
"2017-M-1985","Hank","1"
"2017-M-1986","Lucenzo","1"
"2017-M-1987","Ayoub","1"
"2017-M-1988","Yousuf","1"
"2017-M-1989","Yiyang","1"
"2017-M-1990","Avelino","1"
"2017-M-1991","Otaniel","1"
"2017-M-1992","Agamjot","1"
"2017-M-1993","Aideen","1"
"2017-M-1994","Filêmon","1"
"2017-M-1995","Belzael","1"
"2017-M-1996","Prayag","1"
"2017-M-1997","Nolan","1"
"2017-M-1998","Gabi","1"
"2017-M-1999","Mikaell","1"
"2017-M-2000","Islombek","1"
"2017-M-2001","Zanil","1"
"2017-M-2002","Rhythm","1"
"2017-M-2003","Bozhko","1"
"2017-M-2004","Uezhu","1"
"2017-M-2005","Yakine","1"
"2017-M-2006","Timo","1"
"2017-M-2007","Mantegh","1"
"2017-M-2008","Hamidou","1"
"2017-M-2009","Raj","1"
"2017-M-2010","Akbar","1"
"2017-M-2011","Kacy","1"
"2017-M-2012","Flavius","1"
"2017-M-2013","Pavel","1"
"2017-M-2014","Héder","1"
"2017-M-2015","Ihan","1"
"2017-M-2016","Jeremy","1"
"2017-M-2017","Braian","1"
"2017-M-2018","Octave","1"
"2017-M-2019","Jashan","1"
"2017-M-2020","Kamronbek","1"
"2017-M-2021","Abduraxmon","1"
"2017-M-2022","Aayam","1"
"2017-M-2023","Lyon","1"
"2017-M-2024","Naveed","1"
"2017-M-2025","Darwin","1"
"2017-M-2026","Faizan","1"
"2017-M-2027","Octávio","1"
"2017-M-2028","Cayser","1"
"2017-M-2029","Daylson","1"
"2017-M-2030","Isak","1"
"2017-M-2031","Yago","1"
"2017-M-2032","kaio","1"
"2017-M-2033","Subin","1"
"2017-M-2034","Dérce","1"
"2017-M-2035","Zian","1"
"2017-M-2036","Adamo","1"
"2017-M-2037","Samyam","1"
"2017-M-2038","Elisama","1"
"2017-M-2039","Denny","1"
"2017-M-2040","Deni","1"
"2017-M-2041","Candance","1"
"2017-M-2042","Samba","1"
"2017-M-2043","Wheldon","1"
"2017-M-2044","Mamede","1"
"2017-M-2045","Kyan","1"
"2017-M-2046","Ageu","1"
"2017-M-2047","Adriá","1"
"2017-M-2048","Raghav","1"
"2017-M-2049","Zélio","1"
"2017-M-2050","Kidjó","1"
"2017-M-2051","Alfred","1"
"2017-M-2052","Kyo","1"
"2017-M-2053","Luenze","1"
"2017-M-2054","Haurio","1"
"2017-M-2055","Remi","1"
"2017-M-2056","Aslan","1"
"2017-M-2057","Yuvaan","1"
"2017-M-2058","Raimundo","1"
"2017-M-2059","Elliot","1"
"2017-M-2060","Taras","1"
"2017-M-2061","Moises","1"
"2017-M-2062","Abdoul","1"
"2017-M-2063","Dario","1"
"2017-M-2064","Milàn","1"
"2017-M-2065","Welson","1"
"2017-M-2066","Jorawar","1"
"2017-M-2067","Arsh","1"
"2017-M-2068","Tuti","1"
"2017-M-2069","Raylson","1"
"2017-M-2070","Dyari","1"
"2017-M-2071","Edvânio","1"
"2017-M-2072","Jahmal","1"
"2017-M-2073","Aracel","1"
"2017-M-2074","Real","1"
"2017-M-2075","Morgan","1"
"2017-M-2076","Maheep","1"
"2017-M-2077","Étienne","1"
"2017-M-2078","Ravidson","1"
"2017-M-2079","Hanniel","1"
"2017-M-2080","Jakson","1"
"2017-M-2081","Andre","1"
"2017-M-2082","Shadi","1"
"2017-M-2083","Dmitriy","1"
"2017-M-2084","Stephen","1"
"2017-M-2085","Nirbhik","1"
"2017-M-2086","Marc","1"
"2017-M-2087","Oriel","1"
"2017-M-2088","Pedru","1"
"2017-M-2089","Iacob","1"
"2017-M-2090","Wisillen","1"
"2017-M-2091","Mahdi","1"
"2017-M-2092","Kyani","1"
"2017-M-2093","Rahmoun","1"
"2017-M-2094","Délio","1"
"2017-M-2095","Aabhash","1"
"2017-M-2096","Miyon","1"
"2017-M-2097","François","1"
"2017-M-2098","Bivhan","1"
"2017-M-2099","Sabino","1"
"2017-M-2100","Mahir","1"
"2017-M-2101","Salviano","1"
"2017-M-2102","Olímpio","1"
"2017-M-2103","Dmitry","1"
"2017-M-2104","Kleber","1"
"2017-M-2105","Donnie","1"
"2017-M-2106","Lovejeet","1"
"2017-M-2107","Ilyas","1"
"2017-M-2108","Ludiney","1"
"2017-M-2109","Manaspreet","1"
"2017-M-2110","Dragos","1"
"2017-M-2111","Jozeny","1"
"2017-M-2112","Terry","1"
"2017-M-2113","Adulai","1"
"2017-M-2114","Alessio","1"
"2017-M-2115","Wassim","1"
"2017-M-2116","Gylson","1"
"2017-M-2117","Juvenal","1"
"2017-M-2118","Ronan","1"
"2017-M-2119","Zayan","1"
"2017-M-2120","Kyesse","1"
"2017-M-2121","Tamim","1"
"2017-M-2122","Achraf","1"
"2017-M-2123","Elvino","1"
"2017-M-2124","Mohid","1"
"2017-M-2125","Aleksi","1"
"2017-M-2126","Hian","1"
"2017-M-2127","Djamal","1"
"2017-M-2128","Daiki","1"
"2017-M-2129","Arturo","1"
"2017-M-2130","Dorivaldo","1"
"2017-M-2131","Isauro","1"
"2017-M-2132","Schneider","1"
"2017-M-2133","Adlésio","1"
"2017-M-2134","Amiel","1"
"2017-M-2135","Rushdaan","1"
"2017-M-2136","Isaí","1"
"2017-M-2137","Sevastian","1"
"2017-M-2138","Ulysses","1"
